Woche;Event;Spieltyp;Spielort;TS Einsatz;TS vor dem Spiel;TS nach dem Spiel;TI;FQ;Sportpsychologe;Mittelfeld Heimspiel PIN;Mittelfeld Heimspiel PIC;Mittelfeld Heimspiel MOTS;Mittelfeld Auswärts-Derby PIN;Mittelfeld Auswärts-Derby PIC;Mittelfeld Auswärts-Derby MOTS;Mittelfeld Auswärts PIN;Mittelfeld Auswärts PIC;Mittelfeld Auswärts MOTS;Mittelfeld beim Spiel;Gegner
0;1;Reset;;;4.50;4.50;100;4;0.00;7.80;6.56;8.63;7.15;6.01;7.91;6.50;5.47;7.19;6.50;-
1;2;;;;4.50;4.50;100;4;0.00;7.80;6.56;8.63;7.15;6.01;7.91;6.50;5.47;7.19;6.50;-
1;3;;;;4.50;4.50;100;4;0.00;7.80;6.56;8.63;7.15;6.01;7.91;6.50;5.47;7.19;6.50;-
1;4;Pokal;Away;PIC;4.50;6.00;100;4;0.00;7.80;6.56;8.63;7.15;6.01;7.91;6.50;5.47;7.19;5.47;FC Montana
1;5;;;;5.91;5.91;100;4;0.00;8.57;7.21;9.49;7.86;6.61;8.70;7.14;6.01;7.90;7.14;-
1;6;;;;5.83;5.83;100;4;0.00;8.53;7.17;9.44;7.82;6.57;8.65;7.10;5.97;7.86;7.10;-
1;7;;;;5.75;5.75;100;4;0.00;8.48;7.13;9.39;7.78;6.54;8.61;7.07;5.94;7.82;7.07;-
1;8;Liga;Away;PIC;5.68;7.58;100;4;0.00;8.44;7.10;9.34;7.74;6.51;8.57;7.04;5.92;7.79;5.92;Lodziarki Mokotów
2;9;;;;7.34;7.34;100;4;0.00;9.35;7.86;10.35;8.57;7.21;9.49;7.79;6.55;8.63;7.79;-
2;10;;;;7.13;7.13;100;4;0.00;9.24;7.77;10.22;8.47;7.12;9.37;7.70;6.47;8.52;7.70;-
2;11;Pokal;Away;PIC;6.95;9.27;100;4;0.00;9.14;7.68;10.11;8.37;7.04;9.27;7.61;6.40;8.43;6.40;Bunnikse Ladies '24
2;12;;;;8.83;8.83;100;4;0.00;10.16;8.54;11.25;9.31;7.83;10.31;8.47;7.12;9.37;8.47;-
2;13;;;;8.44;8.44;100;4;0.00;9.95;8.37;11.02;9.12;7.67;10.10;8.29;6.97;9.18;8.29;-
2;14;;;;8.11;8.11;100;4;0.00;9.77;8.22;10.81;8.96;7.53;9.91;8.14;6.85;9.01;8.14;-
2;15;Liga;Home;PIC;7.82;10.43;100;4;0.00;9.61;8.08;10.64;8.81;7.41;9.75;8.01;6.74;8.86;8.08;Dribble Divas
3;16;;;;9.50;9.50;100;4;0.00;10.53;8.85;11.65;9.65;8.12;10.68;8.78;7.38;9.71;8.78;-
3;17;;;;9.03;9.03;100;4;0.00;10.27;8.64;11.37;9.41;7.92;10.42;8.56;7.20;9.47;8.56;-
3;18;Pokal;Away;PIC;8.62;11.49;100;4;0.00;10.05;8.45;11.12;9.21;7.74;10.19;8.37;7.04;9.27;7.04;FC Snail speedy
3;19;;;;9.50;9.50;100;4;0.00;10.53;8.85;11.65;9.65;8.12;10.68;8.78;7.38;9.71;8.78;-
3;20;;;;9.03;9.03;100;4;0.00;10.27;8.64;11.37;9.41;7.92;10.42;8.56;7.20;9.47;8.56;-
3;21;;;;8.62;8.62;100;4;0.00;10.05;8.45;11.12;9.21;7.74;10.19;8.37;7.04;9.27;8.37;-
3;22;Liga;Home;PIC;8.30;11.07;100;4;4;9.87;8.30;10.93;9.05;7.61;10.02;8.23;6.92;9.11;8.30;FCW Bogano
4;23;;;;9.50;9.50;100;4;4;10.53;8.85;11.65;9.65;8.12;10.68;8.78;7.38;9.71;8.78;-
4;24;;;;9.06;9.06;100;4;4;10.29;8.65;11.39;9.43;7.93;10.44;8.58;7.21;9.49;8.58;-
4;25;Pokal;Away;PIC;8.69;11.59;100;4;4;10.09;8.48;11.16;9.24;7.77;10.23;8.40;7.07;9.30;7.07;Simonet Fieres
4;26;;;;9.50;9.50;100;4;4;10.53;8.85;11.65;9.65;8.12;10.68;8.78;7.38;9.71;8.78;-
4;27;;;;9.06;9.06;100;4;4;10.29;8.65;11.39;9.43;7.93;10.44;8.58;7.21;9.49;8.58;-
4;28;;;;8.69;8.69;100;4;4;10.09;8.48;11.16;9.24;7.77;10.23;8.40;7.07;9.30;8.40;-
4;29;Liga;Away;PIC;8.36;11.15;100;4;4;9.91;8.33;10.96;9.08;7.64;10.05;8.25;6.94;9.14;6.94;Transylvania Fury FC
5;30;;;;9.50;9.50;100;4;4;10.53;8.85;11.65;9.65;8.12;10.68;8.78;7.38;9.71;8.78;-
5;31;;;;9.06;9.06;100;4;4;10.29;8.65;11.39;9.43;7.93;10.44;8.58;7.21;9.49;8.58;-
5;32;Pokal;Home;PIN;8.69;8.69;100;4;4;10.09;8.48;11.16;9.24;7.77;10.23;8.40;7.07;9.30;10.09;Eiriksdatur
5;33;;;;8.32;8.32;100;4;0;9.89;8.31;10.94;9.06;7.62;10.03;8.24;6.93;9.12;8.24;-
5;34;;;;8.00;8.00;100;4;0;9.71;8.17;10.75;8.90;7.49;9.85;8.09;6.81;8.96;8.09;-
5;35;;;;7.72;7.72;100;4;0;9.56;8.04;10.58;8.76;7.37;9.70;7.97;6.70;8.82;7.97;-
5;36;Liga;Home;PIC;7.47;9.97;100;4;0;9.42;7.92;10.43;8.64;7.26;9.56;7.85;6.60;8.69;7.92;FC Ruswil Frauen
6;37;;;;9.43;9.43;100;4;0;10.49;8.82;11.61;9.62;8.09;10.64;8.74;7.35;9.67;8.74;-
6;38;;;;8.96;8.96;100;4;0;10.24;8.61;11.33;9.38;7.89;10.38;8.53;7.17;9.44;8.53;-
6;39;Challenger-Pokal;Away;NORMAL;8.56;8.56;100;4;0;10.02;8.42;11.09;9.18;7.72;10.16;8.35;7.02;9.24;8.35;Grand Mayfair Ladies
6;40;;;;8.21;8.21;100;4;0;9.83;8.26;10.88;9.01;7.58;9.97;8.19;6.89;9.06;8.19;-
6;41;;;;7.91;7.91;100;4;0;9.66;8.12;10.69;8.86;7.45;9.80;8.05;6.77;8.91;8.05;-
6;42;;;;7.64;7.64;100;4;0;9.51;8.00;10.53;8.72;7.33;9.65;7.93;6.67;8.77;7.93;-
6;43;Liga;Away;PIN;7.40;7.40;100;4;0;9.38;7.89;10.38;8.60;7.23;9.52;7.82;6.58;8.65;7.82;Little Wing
7;44;;;;7.18;7.18;100;4;0;9.27;7.79;10.25;8.49;7.14;9.40;7.72;6.49;8.55;7.72;-
7;45;;;;6.99;6.99;100;4;0;9.16;7.70;10.14;8.40;7.06;9.29;7.63;6.42;8.45;7.63;-
7;46;Challenger-Pokal;Away;PIN;6.82;6.82;100;4;0;9.07;7.62;10.03;8.31;6.99;9.20;7.55;6.35;8.36;7.55;Elfi de abanos
7;47;;;;6.66;6.66;100;4;0;8.98;7.55;9.94;8.23;6.92;9.11;7.48;6.29;8.28;7.48;-
7;48;;;;6.52;6.52;100;4;0;8.90;7.48;9.85;8.16;6.86;9.03;7.42;6.24;8.21;7.42;-
7;49;;;;6.38;6.38;100;4;0;8.83;7.42;9.77;8.09;6.81;8.96;7.36;6.19;8.14;7.36;-
7;50;Liga;Home;PIC;6.26;8.36;100;4;0;8.76;7.37;9.70;8.03;6.75;8.89;7.30;6.14;8.08;7.37;Reinas de los Andes
8;51;;;;8.03;8.03;100;4;0;9.73;8.18;10.77;8.92;7.50;9.87;8.11;6.82;8.97;8.11;-
8;52;;;;7.75;7.75;100;4;0;9.57;8.05;10.60;8.78;7.38;9.71;7.98;6.71;8.83;7.98;-
8;53;Friendly;Home;PIN;7.50;7.50;100;4;0;9.44;7.94;10.44;8.65;7.27;9.57;7.86;6.61;8.70;9.44;Aerobicele
8;54;;;;7.27;7.27;100;4;0;9.31;7.83;10.31;8.54;7.18;9.45;7.76;6.53;8.59;7.76;-
8;55;;;;7.07;7.07;100;4;0;9.20;7.74;10.19;8.44;7.09;9.34;7.67;6.45;8.49;7.67;-
8;56;;;;6.89;6.89;100;4;0;9.10;7.66;10.08;8.35;7.02;9.24;7.59;6.38;8.40;7.59;-
8;57;Liga;Away;PIN;6.73;6.73;100;4;0;9.01;7.58;9.98;8.26;6.95;9.15;7.51;6.32;8.31;7.51;Reinas de los Andes
9;58;;;;6.58;6.58;100;4;0;8.93;7.51;9.89;8.19;6.89;9.06;7.44;6.26;8.24;7.44;-
9;59;;;;6.44;6.44;100;4;0;8.86;7.45;9.80;8.12;6.83;8.99;7.38;6.21;8.17;7.38;FQ Drop auf sichtbare 3 zum Friendly
9;60;Friendly;Away;PIN;6.27;6.27;100;3.28;0;8.77;7.37;9.70;8.04;6.76;8.90;7.31;6.14;8.09;7.31;Aerobicele
9;61;;;;6.22;6.22;100;7;0;8.74;7.35;9.67;8.01;6.74;8.86;7.28;6.12;8.06;7.28;-
9;62;;;;6.17;6.17;100;7;0;8.71;7.32;9.64;7.98;6.71;8.84;7.26;6.10;8.03;7.26;TS Drop auf sichtbare 5
9;63;;;;6.11;6.11;100;7;0;8.68;7.30;9.61;7.96;6.69;8.81;7.23;6.08;8.01;7.23;-
9;64;Liga;Home;PIN;6.06;6.06;100;7;0;8.65;7.28;9.58;7.93;6.67;8.78;7.21;6.06;7.98;8.65;Little Wing 2- 1
10;65;;;;6.02;6.02;100;7;0;8.63;7.26;9.55;7.91;6.65;8.75;7.19;6.05;7.96;7.19;-
10;66;;;;5.97;5.97;100;7;0;8.60;7.23;9.52;7.89;6.63;8.73;7.17;6.03;7.93;7.17;-
10;67;Friendly;Home;PIN;5.93;5.93;100;7;0;8.58;7.21;9.49;7.86;6.61;8.70;7.15;6.01;7.91;8.58;Aerobicele
10;68;;;;5.89;5.89;100;7;0;8.56;7.20;9.47;7.84;6.60;8.68;7.13;6.00;7.89;7.13;-
10;69;;;;5.84;5.84;100;7;0;8.53;7.18;9.44;7.82;6.58;8.66;7.11;5.98;7.87;7.11;-
10;70;;;;5.81;5.81;100;7;0;8.51;7.16;9.42;7.80;6.56;8.64;7.09;5.97;7.85;7.09;-
10;71;Liga;Away;PIC;5.77;7.69;100;7;0;8.49;7.14;9.40;7.78;6.55;8.61;7.08;5.95;7.83;5.95;Ruswil Frauen 1 - 4
11;72;;;;7.57;7.57;100;7;0;9.48;7.97;10.49;8.69;7.30;9.61;7.90;6.64;8.74;7.90;-
11;73;;;;7.45;7.45;100;7;0;9.41;7.92;10.42;8.63;7.26;9.55;7.84;6.60;8.68;7.84;-
11;74;Friendly;Away;PIN;7.34;7.34;100;7;0;9.35;7.87;10.35;8.57;7.21;9.49;7.79;6.55;8.63;7.79;Aerobicele
11;75;;;;7.24;7.24;100;7;0;9.30;7.82;10.29;8.52;7.17;9.43;7.75;6.51;8.57;7.75;TS drop auf sichtbare 6
11;76;;;;7.14;7.14;100;7;0;9.24;7.77;10.23;8.47;7.12;9.38;7.70;6.48;8.52;7.70;-
11;77;;;;7.05;7.05;100;7;0;9.19;7.73;10.17;8.42;7.08;9.32;7.66;6.44;8.48;7.66;-
11;78;Liga;Home;PIC;6.96;9.28;100;7;0;9.14;7.69;10.12;8.38;7.05;9.27;7.62;6.41;8.43;7.69;Transylvania Fury FC
12;79;;;;9.06;9.06;100;7;0;10.29;8.65;11.39;9.43;7.93;10.44;8.57;7.21;9.49;8.57;-
12;80;;;;8.85;8.85;100;7;0;10.18;8.56;11.26;9.33;7.84;10.32;8.48;7.13;9.39;8.48;-
12;81;Friendly;Home;PIN;8.66;8.66;100;7;0;10.07;8.47;11.15;9.23;7.76;10.22;8.39;7.06;9.29;10.07;Aerobicele
12;82;;;;8.48;8.48;100;7;0;9.97;8.39;11.04;9.14;7.69;10.12;8.31;6.99;9.20;8.31;-
12;83;;;;8.31;8.31;100;7;0;9.88;8.31;10.93;9.06;7.62;10.02;8.23;6.92;9.11;8.23;-
12;84;;;;8.15;8.15;100;7;0;9.79;8.24;10.84;8.98;7.55;9.94;8.16;6.86;9.03;8.16;-
12;85;Liga;Away;PIC;8.00;10.68;100;7;0;9.71;8.17;10.75;8.90;7.49;9.85;8.09;6.81;8.96;6.81;FCW Bogano
13;86;;;;9.50;9.50;100;7;0;10.53;8.85;11.65;9.65;8.12;10.68;8.78;7.38;9.71;8.78;-
13;87;;;;9.26;9.26;100;7;0;10.40;8.75;11.51;9.53;8.02;10.55;8.67;7.29;9.59;8.67;-
13;88;Friendly;Away;PIN;9.04;9.04;100;7;0;10.28;8.64;11.38;9.42;7.92;10.43;8.57;7.20;9.48;8.57;Aerobicele
13;89;;;;8.84;8.84;100;7;0;10.17;8.55;11.25;9.32;7.84;10.31;8.47;7.13;9.38;8.47;-
13;90;;;;8.64;8.64;100;7;0;10.06;8.46;11.14;9.22;7.76;10.21;8.39;7.05;9.28;8.39;-
13;91;;;;8.47;8.47;100;7;0;9.97;8.38;11.03;9.13;7.68;10.11;8.30;6.98;9.19;8.30;-
13;92;Liga;Away;PIN;8.30;8.30;100;7;0;9.87;8.30;10.93;9.05;7.61;10.02;8.23;6.92;9.11;8.23;Dribble Divas
14;93;;;;8.14;8.14;100;7;0;9.79;8.23;10.83;8.97;7.54;9.93;8.16;6.86;9.03;8.16;-
14;94;;;;7.99;7.99;100;7;0;9.71;8.16;10.74;8.90;7.48;9.85;8.09;6.80;8.95;8.09;-
14;95;Friendly;Home;PIN;7.85;7.85;100;7;0;9.63;8.10;10.66;8.83;7.42;9.77;8.03;6.75;8.88;9.63;Aerobicele
14;96;;;;7.72;7.72;100;7;0;9.56;8.04;10.58;8.76;7.37;9.70;7.97;6.70;8.82;7.97;-
14;97;;;;7.60;7.60;100;7;0;9.49;7.98;10.50;8.70;7.32;9.63;7.91;6.65;8.75;7.91;-
14;98;;;;7.48;7.48;100;7;0;9.43;7.93;10.43;8.64;7.27;9.56;7.86;6.61;8.69;7.86;-
14;99;Liga;Home;MOTS;7.37;3.87;100;7;0;9.37;7.88;10.36;8.59;7.22;9.50;7.80;6.56;8.64;10.36;Lodziarki Mokotow
15;100;;;;3.94;3.94;100;7;0;7.49;6.30;8.29;6.87;5.78;7.60;6.24;5.25;6.91;6.24;-
15;101;;;;4.01;4.01;100;7;0;7.53;6.33;8.33;6.90;5.80;7.64;6.27;5.28;6.94;6.27;-
15;102;Friendly;Away;PIN;4.06;4.06;100;7;0;7.56;6.36;8.37;6.93;5.83;7.67;6.30;5.30;6.97;6.30;Aerobicele
15;103;;;;4.12;4.12;100;7;0;7.59;6.38;8.40;6.96;5.85;7.70;6.33;5.32;7.00;6.33;-
15;104;;;;4.16;4.16;100;7;0;7.62;6.41;8.43;6.98;5.87;7.73;6.35;5.34;7.02;6.35;-
15;105;;;;4.21;4.21;100;7;0;7.64;6.42;8.45;7.00;5.89;7.75;6.37;5.35;7.05;6.37;-
15;106;Relegation;Away;PIN;4.24;4.24;100;7;0;7.66;6.44;8.48;7.02;5.90;7.77;6.38;5.37;7.06;6.38;Relegegner steht noch nicht fest
16;107;;;;4.28;4.28;100;7;0;7.68;6.46;8.50;7.04;5.92;7.79;6.40;5.38;7.08;6.40;-
16;108;;;;4.31;4.31;100;7;0;7.69;6.47;8.51;7.05;5.93;7.80;6.41;5.39;7.10;6.41;-
16;109;Friendly;Away;PIN;4.33;4.33;100;7;0;7.71;6.48;8.53;7.07;5.94;7.82;6.42;5.40;7.11;6.42;Aerobicele
16;110;;;;4.35;4.35;100;7;0;7.72;6.49;8.54;7.08;5.95;7.83;6.43;5.41;7.12;6.43;-
16;111;;;;4.37;4.37;100;7;0;7.73;6.50;8.55;7.09;5.96;7.84;6.44;5.42;7.13;6.44;-
16;112;;;;4.39;4.39;100;7;0;7.74;6.51;8.56;7.09;5.97;7.85;6.45;5.42;7.14;6.45;-
16;113;Friendly;Home;PIN;4.40;4.40;100;7;0;7.75;6.51;8.57;7.10;5.97;7.86;6.46;5.43;7.14;7.75;Aerobicele
17;114;Reset;;;4.42;4.50;100;7;0;7.75;6.52;8.58;7.11;5.98;7.87;6.46;5.43;7.15;6.46;-
